{"nbformat":4,"nbformat_minor":0,"metadata":{"colab":{"provenance":[]},"kernelspec":{"name":"python3","display_name":"Python 3"},"language_info":{"name":"python"}},"cells":[{"cell_type":"code","execution_count":null,"metadata":{"colab":{"base_uri":"https://localhost:8080/"},"id":"X-cKb5ZEL8ZV","executionInfo":{"status":"ok","timestamp":1735371283347,"user_tz":-330,"elapsed":404,"user":{"displayName":"rishikesh sarangi","userId":"10351385025986729042"}},"outputId":"50c7e964-1fa7-4482-9b43-eadaf8bc97f6"},"outputs":[{"output_type":"execute_result","data":{"text/plain":["{'data_path': './data/medical_images',\n"," 'save_dir': './models',\n"," 'batch_size': 64,\n"," 'learning_rate': 0.0002,\n"," 'epochs': 100,\n"," 'latent_dim': 100,\n"," 'lambda_gp': 10,\n"," 'n_critic': 5,\n"," 'save_interval': 10}"]},"metadata":{},"execution_count":1}],"source":["{\n","  \"data_path\": \"./data/medical_images\",\n","  \"save_dir\": \"./models\",\n","  \"batch_size\": 64,\n","  \"learning_rate\": 0.0002,\n","  \"epochs\": 100,\n","  \"latent_dim\": 100,\n","  \"lambda_gp\": 10,\n","  \"n_critic\": 5,\n","  \"save_interval\": 10\n","}\n"]}]}